"","Ensembl ID","Gene Symbol","BH-Adjusted P-Value","T-Statistic","Average Expression","Log2 Fold Change in Expression"
"1","ENSG00000167601","AXL",4e-04,-6.7167,2.8554,-5.6606
"2","ENSG00000152642","GPD1L",6e-04,6.4409,5.2424,1.9553
"3","ENSG00000225485",NA,0.001,-6.1989,3.4241,-4.5718
"4","ENSG00000177469","CAVIN1",0.0014,-6.0393,5.4069,-4.7894
"5","ENSG00000260628","LOC388248",0.0016,-5.9508,-2.7878,-3.4736
"6","ENSG00000183671","CMKLR2",0.0021,-5.8375,-2.2777,-5.2753
"7","ENSG00000167779","IGFBP6",0.0022,-5.7792,1.2715,-4.5652
"8","ENSG00000255248","MIR100HG",0.0022,-5.7424,-1.3317,-4.9093
"9","ENSG00000111817","DSE",0.0028,-5.65,2.3631,-3.9583
"10","ENSG00000138395","CDK15",0.0032,-5.5602,-3.6347,-4.4398
"11","ENSG00000073008","PVR",0.0032,-5.5601,6.4089,-1.3944
"12","ENSG00000269652",NA,0.0034,-5.5215,-5.9809,-3.0743
"13","ENSG00000171462","DLK2",0.0036,-5.4873,0.6447,-2.0127
"14","ENSG00000128609","NDUFA5",0.0037,5.4618,6.0289,0.8747
"15","ENSG00000204677","FAM153CP",0.0045,5.3935,-4.5184,3.058
"16","ENSG00000272403",NA,0.0052,-5.3372,-5.7287,-3.3049
"17","ENSG00000114737","CISH",0.0052,5.3213,2.6998,3.009
"18","ENSG00000223776","LGALS8-AS1",0.0054,5.2928,-2.7144,2.7537
"19","ENSG00000171456","ASXL1",0.006,-5.2508,7.1069,-1.0114
"20","ENSG00000050165","DKK3",0.0074,-5.183,0.4656,-3.7563
"21","ENSG00000236732",NA,0.0079,5.1442,-3.8855,2.2394
"22","ENSG00000259248","USP3-AS1",0.0079,5.1326,0.3743,1.1302
"23","ENSG00000255090",NA,0.0079,-5.1145,-4.9184,-4.1638
"24","ENSG00000128039","SRD5A3",0.0079,5.1057,4.4206,1.2333
"25","ENSG00000101346","POFUT1",0.0079,-5.1018,6.9134,-0.9909
"26","ENSG00000134954","ETS1",0.0084,-5.061,3.6867,-4.3612
"27","ENSG00000091986","CCDC80",0.0084,-5.0582,2.5113,-4.8164
"28","ENSG00000272761",NA,0.0084,-5.0577,-1.3839,-3.6194
"29","ENSG00000172551","MUCL1",0.0092,5.0163,-1.9009,6.8317
"30","ENSG00000118515","SGK1",0.0092,-5.0138,3.1772,-3.363
"31","ENSG00000197622","CDC42SE1",0.0095,4.9959,6.7585,1.1239
"32","ENSG00000225154","TUBAP9",0.01,4.97,-5.5732,3.1496
"33","ENSG00000074855","ANO8",0.01,4.9638,4.6764,1.19
"34","ENSG00000088325","TPX2",0.0113,-4.923,8.1181,-0.9388
"35","ENSG00000184709","LRRC26",0.0114,4.9122,0.0979,4.1946
"36","ENSG00000035862","TIMP2",0.0136,-4.8559,5.9738,-3.2142
"37","ENSG00000000457","SCYL3",0.0137,4.8352,4.1273,0.92
"38","ENSG00000143543","JTB",0.0137,4.8246,6.8963,0.9302
"39","ENSG00000142798","HSPG2",0.0137,-4.8199,6.3495,-2.4234
"40","ENSG00000150093","ITGB1",0.0137,-4.813,8.9388,-1.4381
"41","ENSG00000145916","RMND5B",0.0137,4.81,5.5565,0.9891
"42","ENSG00000154127","UBASH3B",0.0137,-4.8013,2.7396,-4.2336
"43","ENSG00000236242","MYO16-AS1",0.0137,-4.7964,-6.4665,-2.8397
"44","ENSG00000072110","ACTN1",0.0137,-4.7929,8.1487,-1.3177
"45","ENSG00000072858","SIDT1",0.0137,4.7921,0.9968,4.7289
"46","ENSG00000259571","BLID",0.0147,-4.7671,-7.0601,-2.1228
"47","ENSG00000171867","PRNP",0.015,-4.7546,6.2156,-2.6431
"48","ENSG00000238142","LOC105376805",0.0153,-4.7428,-4.3485,-3.9343
"49","ENSG00000110880","CORO1C",0.0153,-4.7328,7.2562,-1.133
"50","ENSG00000230882",NA,0.0153,4.7324,0.7712,3.0685
"51","ENSG00000205592","MUC19",0.0161,4.7136,-2.495,5.0654
"52","ENSG00000168421","RHOH",0.0164,4.6995,-1.8669,4.2139
"53","ENSG00000113070","HBEGF",0.0164,-4.6829,2.4688,-2.6356
"54","ENSG00000167178","ISLR2",0.0164,-4.6754,-3.0777,-3.416
"55","ENSG00000152380","FAM151B",0.0164,4.6644,0.037,1.4019
"56","ENSG00000153551","CMTM7",0.0164,-4.6587,2.8988,-3.1236
"57","ENSG00000198959","TGM2",0.0164,-4.6558,3.6418,-4.1178
"58","ENSG00000227279",NA,0.0164,-4.6524,-7.1042,-1.7161
"59","ENSG00000143420","ENSA",0.0164,4.6455,7.9518,0.9427
"60","ENSG00000244468",NA,0.0164,4.6455,-0.2555,5.7544
"61","ENSG00000137880","GCHFR",0.0164,4.6413,2.5471,2.0957
"62","ENSG00000168890","TMEM150A",0.0164,4.6404,3.5185,1.1412
"63","ENSG00000197361","FBXL22",0.0164,4.6374,-1.5387,1.8206
"64","ENSG00000256980","KHDC1L",0.0164,-4.6372,-4.4524,-3.0684
"65","ENSG00000104219","ZDHHC2",0.0164,-4.6345,1.3998,-4.2295
"66","ENSG00000261780","LINC02582",0.0164,-4.6317,-3.7063,-4.9255
"67","ENSG00000073792","IGF2BP2",0.0164,-4.6292,3.6737,-4.1902
"68","ENSG00000150281","CTF1",0.0164,-4.6243,-0.5956,-3.3868
"69","ENSG00000135314","KHDC1",0.0164,-4.6156,0.7911,-3.5811
"70","ENSG00000117020","AKT3",0.0164,-4.6147,1.4535,-4.6809
"71","ENSG00000146966","DENND2A",0.0164,-4.6132,-1.1369,-3.8631
"72","ENSG00000212724","KRTAP2-3",0.0164,-4.6081,-4.3734,-4.3327
"73","ENSG00000183323","CCDC125",0.0164,4.604,4.4464,1.3641
"74","ENSG00000149591","TAGLN",0.0164,-4.6,3.4443,-2.5031
"75","ENSG00000154198","CYP4Z2P",0.0164,4.5988,-3.7555,5.5035
"76","ENSG00000165879","FRAT1",0.0164,4.5935,1.7943,1.4182
"77","ENSG00000122786","CALD1",0.0164,-4.5911,5.0743,-4.2334
"78","ENSG00000138623","SEMA7A",0.0164,-4.5892,2.8376,-2.9672
"79","ENSG00000183688","RFLNB",0.0164,-4.5858,1.2639,-4.1266
"80","ENSG00000243130","PSG11",0.0165,-4.5778,-5.4341,-3.3449
"81","ENSG00000185863","TMEM210",0.0165,4.574,-3.9376,3.3579
"82","ENSG00000136231","IGF2BP3",0.0165,-4.5728,2.7922,-4.3649
"83","ENSG00000142156","COL6A1",0.0166,-4.5649,5.0263,-3.7706
"84","ENSG00000129514","FOXA1",0.0166,4.5638,4.7108,4.0414
"85","ENSG00000154133","ROBO4",0.0166,-4.5611,-3.8444,-4.0317
"86","ENSG00000183674",NA,0.0166,-4.5581,-3.9584,-3.5421
"87","ENSG00000155760","FZD7",0.0166,-4.5532,3.7012,-2.5652
"88","ENSG00000160113","NR2F6",0.0166,4.5507,5.6158,1.0302
"89","ENSG00000085831","TTC39A",0.0167,4.5474,4.1032,3.1134
"90","ENSG00000227479",NA,0.017,-4.5379,-5.7726,-2.7905
"91","ENSG00000270332","SMC2-DT",0.0172,-4.5325,-3.2415,-2.0731
"92","ENSG00000076706","MCAM",0.0176,-4.5222,2.9392,-4.0749
"93","ENSG00000150938","CRIM1",0.0176,-4.5187,6.1523,-2.3163
"94","ENSG00000224474",NA,0.0184,-4.5017,-4.2454,-2.0646
"95","ENSG00000137821","LRRC49",0.0184,-4.4965,1.5192,-1.711
"96","ENSG00000155254","MARVELD1",0.0184,-4.4929,4.1125,-2.3211
"97","ENSG00000010810","FYN",0.0184,-4.4891,2.3725,-3.0261
"98","ENSG00000144810","COL8A1",0.0184,-4.4751,-0.4716,-4.5035
"99","ENSG00000261664","TTC39A-AS1",0.0184,4.4746,-3.3496,3.8334
"100","ENSG00000241978",NA,0.0184,-4.4727,4.5163,-3.1905
"101","ENSG00000151967","SCHIP1",0.0184,-4.4707,-5.5181,-2.8829
"102","ENSG00000248890","HHIP-AS1",0.0184,-4.4694,-3.0998,-2.7492
"103","ENSG00000112149","CD83",0.0184,-4.4689,2.2784,-1.94
"104","ENSG00000250101",NA,0.0184,4.4687,-4.0706,2.7285
"105","ENSG00000166813","KIF7",0.0184,-4.4677,2.8056,-2.2253
"106","ENSG00000251635",NA,0.0184,4.4674,-6.189,2.6992
"107","ENSG00000160190","SLC37A1",0.0184,4.4673,4.5413,2.8408
"108","ENSG00000232949",NA,0.0184,-4.4644,-6.2746,-2.7617
"109","ENSG00000218233",NA,0.0184,-4.4599,-4.3659,-2.0805
"110","ENSG00000231242",NA,0.0184,-4.4591,-4.1457,-2.8238
"111","ENSG00000143612","C1orf43",0.0184,4.4563,7.8181,0.7914
"112","ENSG00000223617","LINC00370",0.0185,-4.4524,-6.7876,-2.4525
"113","ENSG00000159763","PIP",0.0185,4.4505,-4.1785,5.2721
"114","ENSG00000224020","MIR181A2HG",0.0185,-4.4454,-2.5641,-2.8593
"115","ENSG00000059804","SLC2A3",0.0185,-4.4429,0.9365,-3.8212
"116","ENSG00000188958","UTS2B",0.0185,-4.4402,-3.8628,-2.8279
"117","ENSG00000260228","CDH13-AS2",0.0185,4.4385,-3.8644,4.9854
"118","ENSG00000143578","CREB3L4",0.0185,4.4381,4.9739,2.26
"119","ENSG00000101335","MYL9",0.0185,-4.435,2.269,-4.2725
"120","ENSG00000204381","LAYN",0.0186,-4.4319,-1.8871,-4.2288
"121","ENSG00000173559","NABP1",0.0189,-4.424,4.5714,-2.0244
"122","ENSG00000211691","TRGJP",0.0191,4.4176,-6.1708,3.8089
"123","ENSG00000197860","SGTB",0.0191,-4.4168,3.0057,-1.5375
"124","ENSG00000243251",NA,0.0195,-4.4055,1.8552,-0.9037
"125","ENSG00000261970",NA,0.0195,-4.4043,-5.7978,-2.0763
"126","ENSG00000235180","LINC00601",0.0195,-4.404,-5.6707,-3.12
"127","ENSG00000165389","SPTSSA",0.0196,4.398,6.4118,1.0341
"128","ENSG00000211689","TRGC1",0.0196,4.3973,-4.6399,4.847
"129","ENSG00000211689","TARP",0.0196,4.3973,-4.6399,4.847
"130","ENSG00000166140","ZFYVE19",0.0205,4.3829,4.6906,0.9577
"131","ENSG00000164099","PRSS12",0.0205,-4.379,1.4028,-3.5978
"132","ENSG00000232759","STEAP1B-AS1",0.0205,-4.3788,-3.6991,-3.5052
"133","ENSG00000235123","DSCAM-AS1",0.0205,4.3751,-2.9098,6.9314
"134","ENSG00000272695","GAS6-DT",0.0205,-4.3721,-0.6243,-3.4599
"135","ENSG00000273038",NA,0.0205,-4.3709,0.6187,-1.6325
"136","ENSG00000128886","ELL3",0.0205,4.3701,2.6614,2.0655
"137","ENSG00000106077","ABHD11",0.0206,4.3658,5.3683,1.3539
"138","ENSG00000214944","ARHGEF28",0.0208,-4.3613,4.1682,-2.1604
"139","ENSG00000137831","UACA",0.0216,-4.3454,5.349,-1.6022
"140","ENSG00000139531","SUOX",0.0216,4.3415,4.7184,0.9916
"141","ENSG00000118513","MYB",0.0216,4.3389,3.2809,2.436
"142","ENSG00000237813",NA,0.0216,-4.3386,-4.4378,-3.6242
"143","ENSG00000170876","TMEM43",0.0216,-4.338,6.5443,-0.879
"144","ENSG00000105974","CAV1",0.0216,-4.3379,4.675,-4.3035
"145","ENSG00000142227","EMP3",0.0216,-4.3352,1.7034,-3.2927
"146","ENSG00000111245","MYL2",0.0216,-4.3338,-5.9235,-2.1745
"147","ENSG00000235772",NA,0.0217,4.3292,-2.0968,2.6957
"148","ENSG00000006625","GGCT",0.0217,4.3266,6.6329,1.0464
"149","ENSG00000146426","TIAM2",0.0217,-4.3261,1.3482,-1.792
"150","ENSG00000249412",NA,0.0217,4.3236,-4.9681,2.0508
"151","ENSG00000089327","FXYD5",0.0217,-4.3235,5.5045,-3.1632
"152","ENSG00000244308","RN7SL762P",0.0218,4.3199,-6.3652,1.7356
"153","ENSG00000146826","TRAPPC14",0.022,4.3148,4.1505,0.71
"154","ENSG00000230370","RPL23AP52",0.0225,4.3064,-5.8872,1.5527
"155","ENSG00000008118","CAMK1G",0.0225,-4.3037,-5.1402,-2.4769
"156","ENSG00000185222","TCEAL9",0.0225,-4.3025,2.9927,-3.9069
"157","ENSG00000181690","PLAG1",0.023,-4.293,1.1184,-2.7334
"158","ENSG00000227558",NA,0.023,-4.2915,-1.2756,-2.2207
"159","ENSG00000124782","RREB1",0.023,4.2899,5.883,0.7544
"160","ENSG00000261072",NA,0.023,-4.2871,-5.3503,-2.4247
"161","ENSG00000180233","ZNRF2",0.023,4.287,4.5917,0.9899
"162","ENSG00000148677","ANKRD1",0.0234,-4.2805,0.3104,-4.2143
"163","ENSG00000072163","LIMS2",0.0235,-4.2778,-1.0924,-3.4968
"164","ENSG00000149308","NPAT",0.0237,-4.273,4.64,-0.6867
"165","ENSG00000140545","MFGE8",0.0242,-4.264,4.3477,-2.8392
"166","ENSG00000166816","LDHD",0.0242,4.2636,0.593,2.7742
"167","ENSG00000260025",NA,0.0246,-4.2576,-2.4303,-2.8085
"168","ENSG00000108797","CNTNAP1",0.0248,-4.2532,2.3159,-2.412
"169","ENSG00000270164","LINC01480",0.0248,4.2513,-3.8624,2.8817
"170","ENSG00000202522",NA,0.0249,4.2464,-5.8438,2.0615
"171","ENSG00000169918","OTUD7A",0.0249,4.2445,-1.7446,2.2404
"172","ENSG00000152601","MBNL1",0.0249,-4.2435,6.743,-0.9824
"173","ENSG00000204767","INSYN2B",0.0249,-4.2424,-4.2508,-3.8643
"174","ENSG00000229453","SPINK8",0.0249,4.2412,-4.8056,4.3114
"175","ENSG00000135862","LAMC1",0.0251,-4.2377,7.4718,-2.2963
"176","ENSG00000124664","SPDEF",0.0252,4.2323,2.5698,5.3491
"177","ENSG00000142871","CCN1",0.0252,-4.2317,6.0796,-2.5889
"178","ENSG00000124795","DEK",0.0252,-4.2314,7.9794,-0.8381
"179","ENSG00000143641","GALNT2",0.0253,-4.2277,6.8175,-1.1725
"180","ENSG00000257674",NA,0.0253,-4.2273,-4.9481,-2.2311
"181","ENSG00000148396","SEC16A",0.0253,4.2252,7.847,0.8728
"182","ENSG00000259431","THTPA",0.0255,4.2214,2.2643,1.0349
"183","ENSG00000268669",NA,0.0255,-4.2179,-6.4974,-2.181
"184","ENSG00000183722","LHFPL6",0.0255,-4.2179,0.7629,-3.8058
"185","ENSG00000268355",NA,0.0256,4.216,-4.6387,2.8398
"186","ENSG00000143553","SNAPIN",0.0256,4.2137,4.9394,0.6863
"187","ENSG00000157227","MMP14",0.0256,-4.211,4.5279,-3.6923
"188","ENSG00000163453","IGFBP7",0.0256,-4.2085,1.2678,-4.1968
"189","ENSG00000162694","EXTL2",0.0256,-4.208,4.0365,-0.999
"190","ENSG00000269190","FBXO17",0.0256,-4.2076,1.8645,-3.9512
"191","ENSG00000166396","SERPINB7",0.0266,-4.1948,-1.2884,-4.6662
"192","ENSG00000164741","DLC1",0.027,-4.1882,1.9444,-3.9015
"193","ENSG00000241155","ARHGAP31-AS1",0.027,-4.1882,-3.5966,-2.8598
"194","ENSG00000134013","LOXL2",0.027,-4.186,3.4183,-4.0817
"195","ENSG00000100219","XBP1",0.0274,4.1803,7.6466,2.0888
"196","ENSG00000247675","LRP4-AS1",0.0275,-4.1761,-2.9086,-2.0666
"197","ENSG00000251196",NA,0.0275,-4.1758,-2.7424,-3.7002
"198","ENSG00000165410","CFL2",0.0275,-4.175,4.4757,-2.0098
"199","ENSG00000068366","ACSL4",0.0277,-4.1691,4.7286,-3.1846
"200","ENSG00000197614","MFAP5",0.0277,-4.169,-2.2928,-3.8135
"201","ENSG00000117152","RGS4",0.0277,-4.168,-1.3227,-3.3712
"202","ENSG00000106261","ZKSCAN1",0.0278,4.1648,7.0802,0.7853
"203","ENSG00000136244","IL6",0.0278,-4.1647,-1.7623,-3.8581
"204","ENSG00000180758","GPR157",0.0278,4.1629,4.1473,1.1265
"205","ENSG00000163683","SMIM14",0.0279,4.159,5.6041,1.8229
"206","ENSG00000213830",NA,0.0279,4.152,-2.5385,1.4524
"207","ENSG00000229852","LOC122539212",0.0279,-4.1515,0.3164,-2.5297
"208","ENSG00000130222","GADD45G",0.0279,4.1501,0.7237,2.9534
"209","ENSG00000240050",NA,0.0279,-4.1495,-4.0184,-2.0066
"210","ENSG00000226419","SLC16A1-AS1",0.0279,-4.1494,-0.0337,-2.8565
"211","ENSG00000137807","KIF23",0.0279,-4.1493,6.7528,-0.767
"212","ENSG00000105649","RAB3A",0.0279,4.1483,1.6632,1.5617
"213","ENSG00000203914","HSP90B3P",0.0279,-4.148,-1.8206,-0.8756
"214","ENSG00000271948",NA,0.0279,-4.1471,-2.51,-1.7067
"215","ENSG00000108176","DNAJC12",0.0279,4.1466,-0.4825,2.9548
"216","ENSG00000215414",NA,0.0281,4.1416,-0.4859,0.8454
"217","ENSG00000254419",NA,0.0281,4.1414,-2.0045,1.8565
"218","ENSG00000149633","KIAA1755",0.0281,-4.1398,-3.6695,-2.9445
"219","ENSG00000196569","LAMA2",0.0286,-4.1327,-0.3863,-3.6941
"220","ENSG00000225383","SFTA1P",0.0286,-4.1313,-3.5714,-4.7357
"221","ENSG00000137221","TJAP1",0.0286,-4.1309,5.3164,-0.5937
"222","ENSG00000022267","FHL1",0.0287,-4.1289,0.82,-3.5807
"223","ENSG00000135622","SEMA4F",0.0292,-4.1222,3.6398,-1.1786
"224","ENSG00000225726",NA,0.0294,4.1156,-4.6992,1.6985
"225","ENSG00000135338","LCA5",0.0294,-4.1149,1.4231,-1.86
"226","ENSG00000072135","PTPN18",0.0294,4.1143,5.2455,0.8146
"227","ENSG00000169683","LRRC45",0.0294,4.1143,5.0639,0.9783
"228","ENSG00000272654",NA,0.0294,4.1133,0.787,1.0537
"229","ENSG00000119326","CTNNAL1",0.0297,-4.1077,5.3175,-1.4889
"230","ENSG00000055609","KMT2C",0.0297,4.1076,6.9389,0.7456
"231","ENSG00000106541","AGR2",0.0297,4.1041,4.8415,5.0716
"232","ENSG00000258623",NA,0.0297,-4.1028,-4.7554,-2.2563
"233","ENSG00000273415",NA,0.0297,-4.1017,-6.3474,-2.5059
"234","ENSG00000131779","PEX11B",0.0297,4.1014,4.9471,0.8992
"235","ENSG00000213067",NA,0.0297,-4.101,-5.3192,-2.3721
"236","ENSG00000090530","P3H2",0.0297,-4.0983,2.3624,-4.371
"237","ENSG00000155380","SLC16A1",0.0297,-4.0979,5.7697,-2.8219
"238","ENSG00000234252",NA,0.0297,4.0976,-1.6297,1.5687
"239","ENSG00000155792","DEPTOR",0.0299,4.0945,2.9364,2.4604
"240","ENSG00000227038",NA,0.0302,4.0882,-1.5477,2.7748
"241","ENSG00000203403",NA,0.0302,-4.0879,-4.3789,-2.5597
"242","ENSG00000183087","GAS6",0.0302,-4.0877,4.5605,-3.2406
"243","ENSG00000128591","FLNC",0.0302,-4.0865,2.4452,-3.7398
"244","ENSG00000141664","ZCCHC2",0.0302,4.0832,4.6458,0.8813
"245","ENSG00000203709",NA,0.0302,4.0818,2.1497,1.7519
"246","ENSG00000240216",NA,0.0302,4.081,-2.1472,3.7601
"247","ENSG00000161133",NA,0.0302,4.0809,-3.035,2.8924
"248","ENSG00000179627","ZBTB42",0.0302,4.0806,3.935,1.5958
"249","ENSG00000066583","ISOC1",0.0302,4.0797,5.2495,1.0548
"250","ENSG00000178404","CEP295NL",0.0302,-4.0782,-2.8863,-2.5231
"251","ENSG00000166477","LEO1",0.0303,4.0761,5.4857,0.8271
"252","ENSG00000232627",NA,0.0303,-4.0745,-5.7788,-2.2523
"253","ENSG00000049192","ADAMTS6",0.0303,-4.0719,-0.3663,-3.078
"254","ENSG00000125733","TRIP10",0.0303,-4.0715,5.6385,-1.0827
"255","ENSG00000166598","HSP90B1",0.0303,-4.0711,9.9714,-0.8499
"256","ENSG00000181027","FKRP",0.0305,-4.0673,4.1178,-0.8946
"257","ENSG00000139278","GLIPR1",0.0305,-4.0672,1.8478,-2.4581
"258","ENSG00000261327",NA,0.0309,-4.0616,-6.6269,-2.5028
"259","ENSG00000178764","ZHX2",0.0309,4.0609,4.0925,2.8121
"260","ENSG00000140264","SERF2",0.0309,4.0584,7.2643,1.0281
"261","ENSG00000164465","DCBLD1",0.0309,-4.0582,4.4268,-1.2429
"262","ENSG00000158163","DZIP1L",0.0311,-4.0558,0.4173,-3.2238
"263","ENSG00000111716","LDHB",0.0319,-4.0469,6.9137,-3.7099
"264","ENSG00000142173","COL6A2",0.0323,-4.0419,3.0283,-4.3023
"265","ENSG00000260711",NA,0.0328,4.0355,-0.2453,3.9646
"266","ENSG00000175294","CATSPER1",0.0328,-4.0344,-1.9727,-2.7606
"267","ENSG00000239948","RN7SL368P",0.0328,-4.0341,-6.0745,-1.917
"268","ENSG00000140279","DUOX2",0.0328,-4.0327,-2.9315,-2.5152
"269","ENSG00000254429",NA,0.0329,4.0298,-0.0305,2.1764
"270","ENSG00000143450","OAZ3",0.0329,4.0291,0.3005,1.5808
"271","ENSG00000076067","RBMS2",0.0329,-4.0285,4.1187,-1.228
"272","ENSG00000242221","PSG2",0.033,-4.0262,-5.3949,-3.6088
"273","ENSG00000254440","PBOV1",0.0331,4.025,-5.1242,2.195
"274","ENSG00000235241","LOC107985101",0.0334,-4.0213,-4.8602,-2.7609
"275","ENSG00000204991","SPIRE2",0.0342,4.0126,4.2717,1.1661
"276","ENSG00000114554","PLXNA1",0.0343,-4.0105,7.079,-0.9865
"277","ENSG00000236750",NA,0.0345,-4.0066,-6.4923,-2.2759
"278","ENSG00000126262","FFAR2",0.0345,4.0052,-3.1462,3.7679
"279","ENSG00000171150","SOCS5",0.0345,-4.0047,4.779,-0.9007
"280","ENSG00000176896","TCEANC",0.0345,4.0045,1.1651,0.9802
"281","ENSG00000158427","TMSB15B",0.0346,-4.0026,0.2979,-2.9804
"282","ENSG00000114654","EFCC1",0.035,3.9981,-2.4905,3.1741
"283","ENSG00000128791","TWSG1",0.0351,-3.9966,5.8987,-1.2528
"284","ENSG00000224594",NA,0.0351,-3.9956,-4.5466,-3.1695
"285","ENSG00000231787","H2BP9",0.0353,-3.9903,-6.0857,-1.7538
"286","ENSG00000237423",NA,0.0353,3.9901,-5.4627,2.7406
"287","ENSG00000144579","CTDSP1",0.0353,3.9876,6.0421,0.8134
"288","ENSG00000243797",NA,0.0353,-3.9876,-6.0662,-2.3732
"289","ENSG00000116299","ELAPOR1",0.0353,3.9871,2.3692,4.4092
"290","ENSG00000251408",NA,0.0353,3.9857,-6.8602,1.6382
"291","ENSG00000163444","TMEM183A",0.0353,3.9852,6.0729,0.6784
"292","ENSG00000143469","SYT14",0.0353,-3.9852,-3.173,-4.2571
"293","ENSG00000242687",NA,0.0355,3.9828,1.3329,0.8507
"294","ENSG00000103245","CIAO3",0.0356,3.9807,4.7216,0.6916
"295","ENSG00000101938","CHRDL1",0.0361,-3.9753,-1.9905,-4.2914
"296","ENSG00000102466","FGF14",0.0364,-3.9711,-3.7213,-3.3503
"297","ENSG00000261002",NA,0.0364,3.9699,-5.0675,1.1729
"298","ENSG00000163785","RYK",0.0364,-3.9698,6.0849,-0.6333
"299","ENSG00000100744","GSKIP",0.0365,3.9678,4.9758,0.8141
"300","ENSG00000267939",NA,0.0365,-3.9673,-2.9307,-1.6002
"301","ENSG00000157353","FCSK",0.0366,3.9649,4.3064,0.9199
"302","ENSG00000254473","UBQLN1-AS1",0.0366,3.9638,0.071,0.9085
"303","ENSG00000235501",NA,0.0366,-3.9632,-0.5598,-2.217
"304","ENSG00000160188","RSPH1",0.0372,3.957,0.1203,2.7212
"305","ENSG00000188050","RNF133",0.0372,3.9566,-4.4362,2.4739
"306","ENSG00000108604","SMARCD2",0.0376,3.9524,7.049,0.9544
"307","ENSG00000088682","COQ9",0.0376,3.951,5.7205,0.6746
"308","ENSG00000170412","GPRC5C",0.0387,3.9415,3.8113,3.2428
"309","ENSG00000113140","SPARC",0.0387,-3.9408,3.8554,-4.4885
"310","ENSG00000203620",NA,0.0388,3.9388,-5.6165,1.8435
"311","ENSG00000105329","TGFB1",0.0393,-3.9341,3.3974,-2.8142
"312","ENSG00000127838","PNKD",0.0394,3.932,5.6941,0.8713
"313","ENSG00000251526",NA,0.0397,3.9277,-6.4165,2.3612
"314","ENSG00000120937","NPPB",0.0397,-3.9276,-5.0656,-3.2063
"315","ENSG00000080986","NDC80",0.0399,-3.9242,5.5217,-1.1015
"316","ENSG00000258730","ITPK1-AS1",0.0399,3.9222,-3.3077,1.5956
"317","ENSG00000183691","NOG",0.0399,-3.922,-1.6853,-3.639
"318","ENSG00000106780","MEGF9",0.0399,3.922,4.8636,1.2237
"319","ENSG00000079819","EPB41L2",0.0399,-3.9219,5.6095,-2.8848
"320","ENSG00000226520",NA,0.0404,-3.917,-5.933,-2.2531
"321","ENSG00000244567",NA,0.0405,-3.915,0.0349,-1.0206
"322","ENSG00000169710","FASN",0.0405,3.9145,9.6799,1.2559
"323","ENSG00000196922","ZNF252P",0.0406,3.9121,4.8998,0.8792
"324","ENSG00000175274","TP53I11",0.0406,3.9118,5.4685,2.7936
"325","ENSG00000177494","ZBED2",0.0408,-3.9096,-2.5034,-3.6059
"326","ENSG00000047346","ATOSA",0.0413,3.9046,4.4827,1.3433
"327","ENSG00000258967",NA,0.0415,-3.9025,-1.552,-1.2784
"328","ENSG00000102854","MSLN",0.0415,-3.901,1.2249,-3.9084
"329","ENSG00000100139","MICALL1",0.0416,-3.8997,5.523,-1.1009
"330","ENSG00000130176","CNN1",0.0418,-3.8972,-3.0714,-2.7363
"331","ENSG00000143373","ZNF687",0.0423,3.8931,5.7079,0.7736
"332","ENSG00000155368","DBI",0.0424,3.8898,7.0552,1.0075
"333","ENSG00000245750","DRAIC",0.0424,3.8896,-1.6292,2.5713
"334","ENSG00000245750","LINC00593",0.0424,3.8896,-1.6292,2.5713
"335","ENSG00000245750","PCAT29",0.0424,3.8896,-1.6292,2.5713
"336","ENSG00000205444","KU-MEL-3",0.0424,3.8895,-6.3475,2.1638
"337","ENSG00000143870","PDIA6",0.0434,-3.8814,8.2026,-0.8526
"338","ENSG00000272788",NA,0.0437,-3.8783,-4.3952,-2.3484
"339","ENSG00000076043","REXO2",0.0439,-3.8757,5.7447,-1.0102
"340","ENSG00000143862","ARL8A",0.0449,3.8665,5.0143,0.8089
"341","ENSG00000136636","KCTD3",0.0449,3.8664,6.8418,0.8838
"342","ENSG00000137824","RMDN3",0.0449,3.8658,5.4116,0.7331
"343","ENSG00000228421",NA,0.0449,3.8648,-4.8161,3.027
"344","ENSG00000124120","TTPAL",0.0449,-3.8644,5.3413,-0.8346
"345","ENSG00000255178","LINC02720",0.0454,3.8606,-7.1134,1.7968
"346","ENSG00000144228","SPOPL",0.0454,3.8597,5.2301,0.795
"347","ENSG00000259918",NA,0.0455,3.8576,-2.3977,1.0157
"348","ENSG00000132326","PER2",0.0455,3.8573,4.2061,1.1573
"349","ENSG00000019186","CYP24A1",0.0455,-3.8548,-0.5855,-3.2694
"350","ENSG00000145996","CDKAL1",0.0455,-3.8539,3.9245,-0.6853
"351","ENSG00000068885","IFT80",0.0455,-3.8532,5.0422,-0.7447
"352","ENSG00000163378","EOGT",0.0455,-3.853,3.9058,-1.2546
"353","ENSG00000165731","RET",0.0455,3.8524,0.8948,3.9876
"354","ENSG00000213030","CGB8",0.0455,-3.8521,-5.656,-2.9272
"355","ENSG00000151694","ADAM17",0.0459,-3.8455,5.4928,-0.7635
"356","ENSG00000168159","RNF187",0.0459,3.8444,6.8257,0.7707
"357","ENSG00000227191","TRGC2",0.0459,3.8439,-5.7023,3.1146
"358","ENSG00000263312",NA,0.0459,3.8417,-7.0965,1.6044
"359","ENSG00000180340","FZD2",0.0459,-3.8417,2.5081,-2.6061
"360","ENSG00000138675","FGF5",0.0459,-3.8407,-2.5028,-3.481
"361","ENSG00000271430",NA,0.0459,3.8404,3.3803,1.1251
"362","ENSG00000127463","EMC1",0.0459,-3.8392,6.6914,-0.7863
"363","ENSG00000267765",NA,0.0459,-3.8392,-4.3939,-2.3113
"364","ENSG00000237543",NA,0.0459,-3.8383,-6.1942,-3.0257
"365","ENSG00000231742","LINC01273",0.0459,-3.8383,-2.8678,-2.8096
"366","ENSG00000137976","DNASE2B",0.0459,3.8373,-5.958,2.4082
"367","ENSG00000102359","SRPX2",0.0459,-3.8365,0.4091,-3.5785
"368","ENSG00000116574","RHOU",0.0459,3.8362,3.2149,2.645
"369","ENSG00000260417",NA,0.0459,3.836,-3.052,2.1932
"370","ENSG00000053108","FSTL4",0.0459,3.8357,-1.0098,2.9787
"371","ENSG00000182261","NLRP10",0.0461,-3.8334,-4.8426,-3.6467
"372","ENSG00000072657","TRHDE",0.0461,-3.8312,-2.4069,-3.9391
"373","ENSG00000260833",NA,0.0461,-3.8306,-2.6253,-3.8473
"374","ENSG00000107242","PIP5K1B",0.0461,3.829,-0.4596,3.3883
"375","ENSG00000260102","LINC01070",0.0461,3.8287,-7.3912,1.2634
"376","ENSG00000230312",NA,0.0461,-3.8287,-4.9873,-2.2101
"377","ENSG00000260288","LOC101929408",0.0461,-3.8276,-5.1038,-1.4674
"378","ENSG00000231056",NA,0.0461,-3.8268,-5.9475,-2.7476
"379","ENSG00000156564","LRFN2",0.0461,3.8265,-4.4334,3.7638
"380","ENSG00000261716","H2BC20P",0.0462,3.8252,3.7958,1.1572
"381","ENSG00000088756","ARHGAP28",0.0462,-3.8242,-1.3007,-3.6546
"382","ENSG00000176884","GRIN1",0.047,3.8186,0.9243,2.4706
"383","ENSG00000187742","SECISBP2",0.0475,3.8142,5.732,0.6569
"384","ENSG00000255571","MIR9-3HG",0.0475,3.813,-0.8719,4.0917
"385","ENSG00000041353","RAB27B",0.0475,3.8126,4.4466,1.9923
"386","ENSG00000169228","RAB24",0.0477,3.8105,4.4949,0.8479
"387","ENSG00000076053","RBM7",0.0478,-3.8095,4.6573,-0.8584
"388","ENSG00000147065","MSN",0.0478,-3.8083,5.7399,-3.8075
"389","ENSG00000011426","ANLN",0.0483,-3.8045,7.8693,-0.9885
"390","ENSG00000157184","CPT2",0.0483,3.8035,4.3213,0.6887
"391","ENSG00000168490","PHYHIP",0.0483,-3.8031,-3.1413,-2.905
"392","ENSG00000204758","RPL26L1-AS1",0.0483,-3.8014,-1.0825,-1.4145
"393","ENSG00000230439",NA,0.0483,-3.8003,-0.612,-2.3135
"394","ENSG00000167195","GOLGA6C",0.0483,-3.798,-7.2217,-1.2697
"395","ENSG00000135773","CAPN9",0.0483,3.7972,-1.5251,3.6803
"396","ENSG00000185585","OLFML2A",0.0483,-3.7972,1.1954,-3.0381
"397","ENSG00000124134","KCNS1",0.0483,-3.7972,-2.4192,-2.8111
"398","ENSG00000068137","PLEKHH3",0.0483,3.7967,4.9871,0.9137
"399","ENSG00000169689","CENPX",0.0483,3.7957,5.8586,0.9551
"400","ENSG00000239453",NA,0.0483,3.7957,-6.1702,2.2828
"401","ENSG00000118523","CCN2",0.0484,-3.7942,3.9548,-3.3932
"402","ENSG00000151746","BICD1",0.0489,-3.7907,3.7523,-1.4072
"403","ENSG00000050030","NEXMIF",0.0492,3.7876,-1.9433,3.7552
"404","ENSG00000273107",NA,0.0494,-3.7856,-5.8665,-2.5937
"405","ENSG00000169083","AR",0.0496,3.7837,0.9902,4.8581
"406","ENSG00000269378",NA,0.0496,-3.7822,0.5311,-1.2382
"407","ENSG00000260781","ARHGAP23P1",0.0496,-3.7818,-3.6669,-2.2007
"408","ENSG00000248257",NA,0.0496,-3.7804,-6.6799,-2.0284
"409","ENSG00000233930","KRTAP5-AS1",0.0496,3.7801,-1.2924,3.0024
"410","ENSG00000184005","ST6GALNAC3",0.0496,-3.78,-2.9291,-3.5673
"411","ENSG00000128346","C22orf23",0.0499,-3.7763,1.4128,-1.239
"412","ENSG00000137193","PIM1",0.0499,-3.7758,4.2325,-1.5254
"413","ENSG00000148468","FAM171A1",0.0499,-3.7736,2.518,-3.6849
"414","ENSG00000104687","GSR",0.0499,3.7736,6.7009,1.058
"415","ENSG00000236703",NA,0.0499,3.7734,-5.9755,2.0129
"416","ENSG00000268657",NA,0.0499,3.7734,-3.4557,2.7746
"417","ENSG00000263586","HID1-AS1",0.0499,3.7727,-6.3135,2.0707
