block_id,drug_row,drug_col,conc_r,conc_c,response,conc_r_unit,conc_c_unit
1,Dasatinib,Adavosertib,0.001953125,0,89.57110609,uM,uM
1,Dasatinib,Adavosertib,0.00390625,0,86.62015186,uM,uM
1,Dasatinib,Adavosertib,0.0078125,0,82.07674944,uM,uM
1,Dasatinib,Adavosertib,0.015625,0,76.07633901,uM,uM
1,Dasatinib,Adavosertib,0.03125,0,64.0960394,uM,uM
1,Dasatinib,Adavosertib,0.0625,0,51.5083111,uM,uM
1,Dasatinib,Adavosertib,0.125,0,37.52924277,uM,uM
1,Dasatinib,Adavosertib,0.25,0,31.58218756,uM,uM
1,Dasatinib,Adavosertib,0,0.00390625,100.6464547,uM,uM
1,Dasatinib,Adavosertib,0,0.0078125,104.2305961,uM,uM
1,Dasatinib,Adavosertib,0,0.015625,98.58434598,uM,uM
1,Dasatinib,Adavosertib,0,0.03125,95.56892108,uM,uM
1,Dasatinib,Adavosertib,0,0.0625,73.87586433,uM,uM
1,Dasatinib,Adavosertib,0,0.125,50.6689579,uM,uM
1,Dasatinib,Adavosertib,0,0.25,46.46291068,uM,uM
1,Dasatinib,Adavosertib,0,0.5,0,uM,uM
1,Dasatinib,Adavosertib,0.001953125,0.00390625,86.60276579,uM,uM
1,Dasatinib,Adavosertib,0.00390625,0.0078125,81.45654984,uM,uM
1,Dasatinib,Adavosertib,0.0078125,0.015625,76.5395966,uM,uM
1,Dasatinib,Adavosertib,0.015625,0.03125,70.44706227,uM,uM
1,Dasatinib,Adavosertib,0.03125,0.0625,58.48150045,uM,uM
1,Dasatinib,Adavosertib,0.0625,0.125,46.90617302,uM,uM
1,Dasatinib,Adavosertib,0.125,0.25,43.05260847,uM,uM
1,Dasatinib,Adavosertib,0.25,0.5,40.13072852,uM,uM
1,Dasatinib,Adavosertib,0.001953125,0,91.27663449,uM,uM
1,Dasatinib,Adavosertib,0.00390625,0,85.78127846,uM,uM
1,Dasatinib,Adavosertib,0.0078125,0,81.42414861,uM,uM
1,Dasatinib,Adavosertib,0.015625,0,76.27481333,uM,uM
1,Dasatinib,Adavosertib,0.03125,0,71.30304134,uM,uM
1,Dasatinib,Adavosertib,0.0625,0,61.83755236,uM,uM
1,Dasatinib,Adavosertib,0.125,0,46.75377891,uM,uM
1,Dasatinib,Adavosertib,0.25,0,31.47423056,uM,uM
1,Dasatinib,Adavosertib,0,0.00390625,108.3305389,uM,uM
1,Dasatinib,Adavosertib,0,0.0078125,103.843513,uM,uM
1,Dasatinib,Adavosertib,0,0.015625,109.0299401,uM,uM
1,Dasatinib,Adavosertib,0,0.03125,101.5664671,uM,uM
1,Dasatinib,Adavosertib,0,0.0625,101.2502994,uM,uM
1,Dasatinib,Adavosertib,0,0.125,88.13892216,uM,uM
1,Dasatinib,Adavosertib,0,0.25,63.91377246,uM,uM
1,Dasatinib,Adavosertib,0,0.5,44.94850299,uM,uM
1,Dasatinib,Adavosertib,0.001953125,0.00390625,94.01388361,uM,uM
1,Dasatinib,Adavosertib,0.00390625,0.0078125,92.68733359,uM,uM
1,Dasatinib,Adavosertib,0.0078125,0.015625,85.03867123,uM,uM
1,Dasatinib,Adavosertib,0.015625,0.03125,76.23621149,uM,uM
1,Dasatinib,Adavosertib,0.03125,0.0625,67.2736782,uM,uM
1,Dasatinib,Adavosertib,0.0625,0.125,55.42982122,uM,uM
1,Dasatinib,Adavosertib,0.125,0.25,40.65709395,uM,uM
1,Dasatinib,Adavosertib,0.25,0.5,35.03233169,uM,uM
1,Dasatinib,Adavosertib,0.001953125,0,90.43939258,uM,uM
1,Dasatinib,Adavosertib,0.00390625,0,85.84778507,uM,uM
1,Dasatinib,Adavosertib,0.0078125,0,87.44720999,uM,uM
1,Dasatinib,Adavosertib,0.015625,0,83.29589361,uM,uM
1,Dasatinib,Adavosertib,0.03125,0,68.77527181,uM,uM
1,Dasatinib,Adavosertib,0.0625,0,55.20262378,uM,uM
1,Dasatinib,Adavosertib,0.125,0,37.53257256,uM,uM
1,Dasatinib,Adavosertib,0.25,0,28.5290682,uM,uM
1,Dasatinib,Adavosertib,0,0.00390625,107.4486964,uM,uM
1,Dasatinib,Adavosertib,0,0.0078125,108.1903809,uM,uM
1,Dasatinib,Adavosertib,0,0.015625,105.978978,uM,uM
1,Dasatinib,Adavosertib,0,0.03125,102.6527734,uM,uM
1,Dasatinib,Adavosertib,0,0.0625,96.06406698,uM,uM
1,Dasatinib,Adavosertib,0,0.125,82.04486509,uM,uM
1,Dasatinib,Adavosertib,0,0.25,50.88046594,uM,uM
1,Dasatinib,Adavosertib,0,0.5,41.82554489,uM,uM
1,Dasatinib,Adavosertib,0.001953125,0.00390625,92.04831404,uM,uM
1,Dasatinib,Adavosertib,0.00390625,0.0078125,86.50317976,uM,uM
1,Dasatinib,Adavosertib,0.0078125,0.015625,81.17307956,uM,uM
1,Dasatinib,Adavosertib,0.015625,0.03125,76.80376996,uM,uM
1,Dasatinib,Adavosertib,0.03125,0.0625,64.04355584,uM,uM
1,Dasatinib,Adavosertib,0.0625,0.125,49.42581324,uM,uM
1,Dasatinib,Adavosertib,0.125,0.25,36.34533559,uM,uM
1,Dasatinib,Adavosertib,0.25,0.5,35.96101935,uM,uM
2,Dasatinib,AZD3759,0.001953125,0,82.52490946,uM,uM
2,Dasatinib,AZD3759,0.00390625,0,79.88291145,uM,uM
2,Dasatinib,AZD3759,0.0078125,0,76.18636594,uM,uM
2,Dasatinib,AZD3759,0.015625,0,64.2298238,uM,uM
2,Dasatinib,AZD3759,0.03125,0,57.02062185,uM,uM
2,Dasatinib,AZD3759,0.0625,0,40.94346349,uM,uM
2,Dasatinib,AZD3759,0.125,0,30.38672996,uM,uM
2,Dasatinib,AZD3759,0.25,0,27.06546826,uM,uM
2,Dasatinib,AZD3759,0,0.15625,100.3939016,uM,uM
2,Dasatinib,AZD3759,0,0.3125,93.41929268,uM,uM
2,Dasatinib,AZD3759,0,0.625,84.66334165,uM,uM
2,Dasatinib,AZD3759,0,1.25,73.31274088,uM,uM
2,Dasatinib,AZD3759,0,2.5,63.4221265,uM,uM
2,Dasatinib,AZD3759,0,5,54.34481977,uM,uM
2,Dasatinib,AZD3759,0,10,50.51764528,uM,uM
2,Dasatinib,AZD3759,0,20,47.23135343,uM,uM
2,Dasatinib,AZD3759,0.001953125,0.15625,77.48890066,uM,uM
2,Dasatinib,AZD3759,0.00390625,0.3125,67.88591892,uM,uM
2,Dasatinib,AZD3759,0.0078125,0.625,58.00766144,uM,uM
2,Dasatinib,AZD3759,0.015625,1.25,53.40836424,uM,uM
2,Dasatinib,AZD3759,0.03125,2.5,42.27796759,uM,uM
2,Dasatinib,AZD3759,0.0625,5,41.15615808,uM,uM
2,Dasatinib,AZD3759,0.125,10,42.10987887,uM,uM
2,Dasatinib,AZD3759,0.25,20,45.97591946,uM,uM
2,Dasatinib,AZD3759,0.001953125,0,80.57817733,uM,uM
2,Dasatinib,AZD3759,0.00390625,0,68.79957694,uM,uM
2,Dasatinib,AZD3759,0.0078125,0,68.47170809,uM,uM
2,Dasatinib,AZD3759,0.015625,0,63.03543099,uM,uM
2,Dasatinib,AZD3759,0.03125,0,54.85986251,uM,uM
2,Dasatinib,AZD3759,0.0625,0,45.2388507,uM,uM
2,Dasatinib,AZD3759,0.125,0,34.19707386,uM,uM
2,Dasatinib,AZD3759,0.25,0,30.94306363,uM,uM
2,Dasatinib,AZD3759,0,0.15625,99.70054346,uM,uM
2,Dasatinib,AZD3759,0,0.3125,93.78165551,uM,uM
2,Dasatinib,AZD3759,0,0.625,83.79607379,uM,uM
2,Dasatinib,AZD3759,0,1.25,71.21150505,uM,uM
2,Dasatinib,AZD3759,0,2.5,61.78047248,uM,uM
2,Dasatinib,AZD3759,0,5,53.21453658,uM,uM
2,Dasatinib,AZD3759,0,10,51.46585826,uM,uM
2,Dasatinib,AZD3759,0,20,50.30869903,uM,uM
2,Dasatinib,AZD3759,0.001953125,0.15625,82.42862331,uM,uM
2,Dasatinib,AZD3759,0.00390625,0.3125,72.47479551,uM,uM
2,Dasatinib,AZD3759,0.0078125,0.625,62.27194909,uM,uM
2,Dasatinib,AZD3759,0.015625,1.25,52.93375067,uM,uM
2,Dasatinib,AZD3759,0.03125,2.5,46.06844554,uM,uM
2,Dasatinib,AZD3759,0.0625,5,43.37074377,uM,uM
2,Dasatinib,AZD3759,0.125,10,45.07237104,uM,uM
2,Dasatinib,AZD3759,0.25,20,51.2770851,uM,uM
2,Dasatinib,AZD3759,0.001953125,0,81.09732265,uM,uM
2,Dasatinib,AZD3759,0.00390625,0,77.07641196,uM,uM
2,Dasatinib,AZD3759,0.0078125,0,72.86007426,uM,uM
2,Dasatinib,AZD3759,0.015625,0,67.46140317,uM,uM
2,Dasatinib,AZD3759,0.03125,0,60.94391245,uM,uM
2,Dasatinib,AZD3759,0.0625,0,48.97400821,uM,uM
2,Dasatinib,AZD3759,0.125,0,39.90130936,uM,uM
2,Dasatinib,AZD3759,0.25,0,37.53664256,uM,uM
2,Dasatinib,AZD3759,0,0.15625,88.58747174,uM,uM
2,Dasatinib,AZD3759,0,0.3125,81.78613967,uM,uM
2,Dasatinib,AZD3759,0,0.625,71.55254138,uM,uM
2,Dasatinib,AZD3759,0,1.25,65.9714626,uM,uM
2,Dasatinib,AZD3759,0,2.5,57.7797224,uM,uM
2,Dasatinib,AZD3759,0,5,55.68924864,uM,uM
2,Dasatinib,AZD3759,0,10,51.07076011,uM,uM
2,Dasatinib,AZD3759,0,20,53.8904689,uM,uM
2,Dasatinib,AZD3759,0.001953125,0.15625,78.47458463,uM,uM
2,Dasatinib,AZD3759,0.00390625,0.3125,71.04471725,uM,uM
2,Dasatinib,AZD3759,0.0078125,0.625,64.74880442,uM,uM
2,Dasatinib,AZD3759,0.015625,1.25,58.25075186,uM,uM
2,Dasatinib,AZD3759,0.03125,2.5,49.68692994,uM,uM
2,Dasatinib,AZD3759,0.0625,5,46.79781097,uM,uM
2,Dasatinib,AZD3759,0.125,10,51.03781492,uM,uM
2,Dasatinib,AZD3759,0.25,20,54.89326037,uM,uM
3,Dasatinib,AZD7762,0.001953125,0,89.57110609,uM,uM
3,Dasatinib,AZD7762,0.00390625,0,86.62015186,uM,uM
3,Dasatinib,AZD7762,0.0078125,0,82.07674944,uM,uM
3,Dasatinib,AZD7762,0.015625,0,76.07633901,uM,uM
3,Dasatinib,AZD7762,0.03125,0,64.0960394,uM,uM
3,Dasatinib,AZD7762,0.0625,0,51.5083111,uM,uM
3,Dasatinib,AZD7762,0.125,0,37.52924277,uM,uM
3,Dasatinib,AZD7762,0.25,0,31.58218756,uM,uM
3,Dasatinib,AZD7762,0,0.078125,86.46206673,uM,uM
3,Dasatinib,AZD7762,0,0.15625,58.64626448,uM,uM
3,Dasatinib,AZD7762,0,0.3125,42.29965855,uM,uM
3,Dasatinib,AZD7762,0,0.625,38.59169422,uM,uM
3,Dasatinib,AZD7762,0,1.25,37.77834301,uM,uM
3,Dasatinib,AZD7762,0,2.5,38.0535066,uM,uM
3,Dasatinib,AZD7762,0,5,37.96448309,uM,uM
3,Dasatinib,AZD7762,0,10,39.2957893,uM,uM
3,Dasatinib,AZD7762,0.001953125,0.078125,79.70240273,uM,uM
3,Dasatinib,AZD7762,0.00390625,0.15625,56.06049518,uM,uM
3,Dasatinib,AZD7762,0.0078125,0.3125,42.85400659,uM,uM
3,Dasatinib,AZD7762,0.015625,0.625,42.18075375,uM,uM
3,Dasatinib,AZD7762,0.03125,1.25,41.27820466,uM,uM
3,Dasatinib,AZD7762,0.0625,2.5,42.31735578,uM,uM
3,Dasatinib,AZD7762,0.125,5,43.51262349,uM,uM
3,Dasatinib,AZD7762,0.25,10,41.78558361,uM,uM
3,Dasatinib,AZD7762,0.001953125,0,91.27663449,uM,uM
3,Dasatinib,AZD7762,0.00390625,0,85.78127846,uM,uM
3,Dasatinib,AZD7762,0.0078125,0,81.42414861,uM,uM
3,Dasatinib,AZD7762,0.015625,0,76.27481333,uM,uM
3,Dasatinib,AZD7762,0.03125,0,71.30304134,uM,uM
3,Dasatinib,AZD7762,0.0625,0,61.83755236,uM,uM
3,Dasatinib,AZD7762,0.125,0,46.75377891,uM,uM
3,Dasatinib,AZD7762,0.25,0,31.47423056,uM,uM
3,Dasatinib,AZD7762,0,0.078125,91.6655174,uM,uM
3,Dasatinib,AZD7762,0,0.15625,61.65586356,uM,uM
3,Dasatinib,AZD7762,0,0.3125,43.08371259,uM,uM
3,Dasatinib,AZD7762,0,0.625,38.90957569,uM,uM
3,Dasatinib,AZD7762,0,1.25,37.60400864,uM,uM
3,Dasatinib,AZD7762,0,2.5,38.21541856,uM,uM
3,Dasatinib,AZD7762,0,5,39.67728589,uM,uM
3,Dasatinib,AZD7762,0,10,39.07966717,uM,uM
3,Dasatinib,AZD7762,0.001953125,0.078125,90.38653118,uM,uM
3,Dasatinib,AZD7762,0.00390625,0.15625,64.08315069,uM,uM
3,Dasatinib,AZD7762,0.0078125,0.3125,48.57043236,uM,uM
3,Dasatinib,AZD7762,0.015625,0.625,39.92827256,uM,uM
3,Dasatinib,AZD7762,0.03125,1.25,39.38035465,uM,uM
3,Dasatinib,AZD7762,0.0625,2.5,38.49870492,uM,uM
3,Dasatinib,AZD7762,0.125,5,40.80494122,uM,uM
3,Dasatinib,AZD7762,0.25,10,38.66308029,uM,uM
3,Dasatinib,AZD7762,0.001953125,0,90.43939258,uM,uM
3,Dasatinib,AZD7762,0.00390625,0,85.84778507,uM,uM
3,Dasatinib,AZD7762,0.0078125,0,87.44720999,uM,uM
3,Dasatinib,AZD7762,0.015625,0,83.29589361,uM,uM
3,Dasatinib,AZD7762,0.03125,0,68.77527181,uM,uM
3,Dasatinib,AZD7762,0.0625,0,55.20262378,uM,uM
3,Dasatinib,AZD7762,0.125,0,37.53257256,uM,uM
3,Dasatinib,AZD7762,0.25,0,28.5290682,uM,uM
3,Dasatinib,AZD7762,0,0.078125,91.11769897,uM,uM
3,Dasatinib,AZD7762,0,0.15625,58.71144402,uM,uM
3,Dasatinib,AZD7762,0,0.3125,40.79748354,uM,uM
3,Dasatinib,AZD7762,0,0.625,37.882731,uM,uM
3,Dasatinib,AZD7762,0,1.25,36.03159157,uM,uM
3,Dasatinib,AZD7762,0,2.5,36.75122768,uM,uM
3,Dasatinib,AZD7762,0,5,36.92321619,uM,uM
3,Dasatinib,AZD7762,0,10,37.19930299,uM,uM
3,Dasatinib,AZD7762,0.001953125,0.078125,79.48917268,uM,uM
3,Dasatinib,AZD7762,0.00390625,0.15625,53.57023876,uM,uM
3,Dasatinib,AZD7762,0.0078125,0.3125,38.98278734,uM,uM
3,Dasatinib,AZD7762,0.015625,0.625,34.66518601,uM,uM
3,Dasatinib,AZD7762,0.03125,1.25,34.40310938,uM,uM
3,Dasatinib,AZD7762,0.0625,2.5,35.19378123,uM,uM
3,Dasatinib,AZD7762,0.125,5,35.59355913,uM,uM
3,Dasatinib,AZD7762,0.25,10,37.41476957,uM,uM
4,Dasatinib,BI-2536,0.001953125,0,80.70264766,uM,nM
4,Dasatinib,BI-2536,0.00390625,0,84.57230143,uM,nM
4,Dasatinib,BI-2536,0.0078125,0,81.33678948,uM,nM
4,Dasatinib,BI-2536,0.015625,0,70.81558971,uM,nM
4,Dasatinib,BI-2536,0.03125,0,64.31216441,uM,nM
4,Dasatinib,BI-2536,0.0625,0,51.37011665,uM,nM
4,Dasatinib,BI-2536,0.125,0,37.53934457,uM,nM
4,Dasatinib,BI-2536,0.25,0,33.63728939,uM,nM
4,Dasatinib,BI-2536,0,0.390625,95.88276032,uM,nM
4,Dasatinib,BI-2536,0,0.78125,90.87862744,uM,nM
4,Dasatinib,BI-2536,0,1.5625,91.9375377,uM,nM
4,Dasatinib,BI-2536,0,3.125,88.22464982,uM,nM
4,Dasatinib,BI-2536,0,6.25,75.54006657,uM,nM
4,Dasatinib,BI-2536,0,12.5,56.77456828,uM,nM
4,Dasatinib,BI-2536,0,25,43.04894667,uM,nM
4,Dasatinib,BI-2536,0,50,44.27764002,uM,nM
4,Dasatinib,BI-2536,0.001953125,0.390625,92.2178009,uM,nM
4,Dasatinib,BI-2536,0.00390625,0.78125,73.04576072,uM,nM
4,Dasatinib,BI-2536,0.0078125,1.5625,65.18206007,uM,nM
4,Dasatinib,BI-2536,0.015625,3.125,62.88083995,uM,nM
4,Dasatinib,BI-2536,0.03125,6.25,53.55011147,uM,nM
4,Dasatinib,BI-2536,0.0625,12.5,41.15228804,uM,nM
4,Dasatinib,BI-2536,0.125,25,41.40038833,uM,nM
4,Dasatinib,BI-2536,0.25,50,42.0799674,uM,nM
4,Dasatinib,BI-2536,0.001953125,0,92.74772803,uM,nM
4,Dasatinib,BI-2536,0.00390625,0,93.74662101,uM,nM
4,Dasatinib,BI-2536,0.0078125,0,91.14126097,uM,nM
4,Dasatinib,BI-2536,0.015625,0,83.84007414,uM,nM
4,Dasatinib,BI-2536,0.03125,0,73.83054862,uM,nM
4,Dasatinib,BI-2536,0.0625,0,59.74306825,uM,nM
4,Dasatinib,BI-2536,0.125,0,42.84941946,uM,nM
4,Dasatinib,BI-2536,0.25,0,31.37759699,uM,nM
4,Dasatinib,BI-2536,0,0.390625,109.2144734,uM,nM
4,Dasatinib,BI-2536,0,0.78125,105.6465529,uM,nM
4,Dasatinib,BI-2536,0,1.5625,104.2130134,uM,nM
4,Dasatinib,BI-2536,0,3.125,97.63996921,uM,nM
4,Dasatinib,BI-2536,0,6.25,84.32928934,uM,nM
4,Dasatinib,BI-2536,0,12.5,58.8494518,uM,nM
4,Dasatinib,BI-2536,0,25,44.13177945,uM,nM
4,Dasatinib,BI-2536,0,50,42.58143301,uM,nM
4,Dasatinib,BI-2536,0.001953125,0.390625,90.66435622,uM,nM
4,Dasatinib,BI-2536,0.00390625,0.78125,83.94962404,uM,nM
4,Dasatinib,BI-2536,0.0078125,1.5625,83.23173562,uM,nM
4,Dasatinib,BI-2536,0.015625,3.125,71.66506792,uM,nM
4,Dasatinib,BI-2536,0.03125,6.25,65.54445029,uM,nM
4,Dasatinib,BI-2536,0.0625,12.5,49.77565987,uM,nM
4,Dasatinib,BI-2536,0.125,25,45.40644243,uM,nM
4,Dasatinib,BI-2536,0.25,50,45.02893214,uM,nM
4,Dasatinib,BI-2536,0.001953125,0,88.27174985,uM,nM
4,Dasatinib,BI-2536,0.00390625,0,89.02295882,uM,nM
4,Dasatinib,BI-2536,0.0078125,0,86.36555707,uM,nM
4,Dasatinib,BI-2536,0.015625,0,78.60932438,uM,nM
4,Dasatinib,BI-2536,0.03125,0,66.86698906,uM,nM
4,Dasatinib,BI-2536,0.0625,0,51.42494953,uM,nM
4,Dasatinib,BI-2536,0.125,0,37.97830884,uM,nM
4,Dasatinib,BI-2536,0.25,0,28.57411146,uM,nM
4,Dasatinib,BI-2536,0,0.390625,108.014188,uM,nM
4,Dasatinib,BI-2536,0,0.78125,102.832468,uM,nM
4,Dasatinib,BI-2536,0,1.5625,98.20079165,uM,nM
4,Dasatinib,BI-2536,0,3.125,86.29003239,uM,nM
4,Dasatinib,BI-2536,0,6.25,79.01094947,uM,nM
4,Dasatinib,BI-2536,0,12.5,54.50059117,uM,nM
4,Dasatinib,BI-2536,0,25,41.19158999,uM,nM
4,Dasatinib,BI-2536,0,50,39.55174009,uM,nM
4,Dasatinib,BI-2536,0.001953125,0.390625,86.57521059,uM,nM
4,Dasatinib,BI-2536,0.00390625,0.78125,78.45968712,uM,nM
4,Dasatinib,BI-2536,0.0078125,1.5625,76.05776173,uM,nM
4,Dasatinib,BI-2536,0.015625,3.125,66.17569194,uM,nM
4,Dasatinib,BI-2536,0.03125,6.25,56.49097473,uM,nM
4,Dasatinib,BI-2536,0.0625,12.5,42.54632972,uM,nM
4,Dasatinib,BI-2536,0.125,25,36.80385078,uM,nM
4,Dasatinib,BI-2536,0.25,50,40.76534296,uM,nM
5,Dasatinib,Entinostat,0.001953125,0,81.59348,uM,uM
5,Dasatinib,Entinostat,0.00390625,0,75.68361985,uM,uM
5,Dasatinib,Entinostat,0.0078125,0,74.16495947,uM,uM
5,Dasatinib,Entinostat,0.015625,0,64.44731451,uM,uM
5,Dasatinib,Entinostat,0.03125,0,52.64986194,uM,uM
5,Dasatinib,Entinostat,0.0625,0,44.76707936,uM,uM
5,Dasatinib,Entinostat,0.125,0,36.45230249,uM,uM
5,Dasatinib,Entinostat,0.25,0,34.11418901,uM,uM
5,Dasatinib,Entinostat,0,0.3125,99.24863079,uM,uM
5,Dasatinib,Entinostat,0,0.625,103.1050559,uM,uM
5,Dasatinib,Entinostat,0,1.25,111.6054859,uM,uM
5,Dasatinib,Entinostat,0,2.5,97.25252342,uM,uM
5,Dasatinib,Entinostat,0,5,75.0056579,uM,uM
5,Dasatinib,Entinostat,0,10,48.92952519,uM,uM
5,Dasatinib,Entinostat,0,20,39.23867288,uM,uM
5,Dasatinib,Entinostat,0,40,36.49119631,uM,uM
5,Dasatinib,Entinostat,0.001953125,0.3125,79.92518703,uM,uM
5,Dasatinib,Entinostat,0.00390625,0.625,69.15883369,uM,uM
5,Dasatinib,Entinostat,0.0078125,1.25,66.80414349,uM,uM
5,Dasatinib,Entinostat,0.015625,2.5,52.70957222,uM,uM
5,Dasatinib,Entinostat,0.03125,5,45.50163054,uM,uM
5,Dasatinib,Entinostat,0.0625,10,40.7155189,uM,uM
5,Dasatinib,Entinostat,0.125,20,40.82102436,uM,uM
5,Dasatinib,Entinostat,0.25,40,42.54747746,uM,uM
5,Dasatinib,Entinostat,0.001953125,0,87.63874874,uM,uM
5,Dasatinib,Entinostat,0.00390625,0,85.58508054,uM,uM
5,Dasatinib,Entinostat,0.0078125,0,76.31460926,uM,uM
5,Dasatinib,Entinostat,0.015625,0,72.23343424,uM,uM
5,Dasatinib,Entinostat,0.03125,0,61.82307434,uM,uM
5,Dasatinib,Entinostat,0.0625,0,44.37156632,uM,uM
5,Dasatinib,Entinostat,0.125,0,34.77968382,uM,uM
5,Dasatinib,Entinostat,0.25,0,31.57304631,uM,uM
5,Dasatinib,Entinostat,0,0.3125,104.3290467,uM,uM
5,Dasatinib,Entinostat,0,0.625,100.8828905,uM,uM
5,Dasatinib,Entinostat,0,1.25,93.73735231,uM,uM
5,Dasatinib,Entinostat,0,2.5,85.04389973,uM,uM
5,Dasatinib,Entinostat,0,5,60.85416803,uM,uM
5,Dasatinib,Entinostat,0,10,38.58362165,uM,uM
5,Dasatinib,Entinostat,0,20,34.47108166,uM,uM
5,Dasatinib,Entinostat,0,40,37.05855474,uM,uM
5,Dasatinib,Entinostat,0.001953125,0.3125,74.78448276,uM,uM
5,Dasatinib,Entinostat,0.00390625,0.625,71.09233212,uM,uM
5,Dasatinib,Entinostat,0.0078125,1.25,62.60208711,uM,uM
5,Dasatinib,Entinostat,0.015625,2.5,58.00816697,uM,uM
5,Dasatinib,Entinostat,0.03125,5,48.40063521,uM,uM
5,Dasatinib,Entinostat,0.0625,10,41.14677858,uM,uM
5,Dasatinib,Entinostat,0.125,20,41.1581216,uM,uM
5,Dasatinib,Entinostat,0.25,40,46.35322142,uM,uM
5,Dasatinib,Entinostat,0.001953125,0,89.47264985,uM,uM
5,Dasatinib,Entinostat,0.00390625,0,83.36062889,uM,uM
5,Dasatinib,Entinostat,0.0078125,0,82.561415,uM,uM
5,Dasatinib,Entinostat,0.015625,0,77.13069112,uM,uM
5,Dasatinib,Entinostat,0.03125,0,63.95676384,uM,uM
5,Dasatinib,Entinostat,0.0625,0,52.95774648,uM,uM
5,Dasatinib,Entinostat,0.125,0,45.10972814,uM,uM
5,Dasatinib,Entinostat,0.25,0,42.76449394,uM,uM
5,Dasatinib,Entinostat,0,0.3125,91.70565136,uM,uM
5,Dasatinib,Entinostat,0,0.625,98.77411644,uM,uM
5,Dasatinib,Entinostat,0,1.25,95.29110466,uM,uM
5,Dasatinib,Entinostat,0,2.5,82.39713164,uM,uM
5,Dasatinib,Entinostat,0,5,60.63855216,uM,uM
5,Dasatinib,Entinostat,0,10,45.40891241,uM,uM
5,Dasatinib,Entinostat,0,20,40.62147857,uM,uM
5,Dasatinib,Entinostat,0,40,42.11029537,uM,uM
5,Dasatinib,Entinostat,0.001953125,0.3125,71.8097719,uM,uM
5,Dasatinib,Entinostat,0.00390625,0.625,72.02351134,uM,uM
5,Dasatinib,Entinostat,0.0078125,1.25,66.72678088,uM,uM
5,Dasatinib,Entinostat,0.015625,2.5,54.64604972,uM,uM
5,Dasatinib,Entinostat,0.03125,5,54.66386134,uM,uM
5,Dasatinib,Entinostat,0.0625,10,51.21063354,uM,uM
5,Dasatinib,Entinostat,0.125,20,51.49784591,uM,uM
5,Dasatinib,Entinostat,0.25,40,49.74785426,uM,uM
6,Dasatinib,Gefitinib,0.001953125,0,81.09732265,uM,uM
6,Dasatinib,Gefitinib,0.00390625,0,77.07641196,uM,uM
6,Dasatinib,Gefitinib,0.0078125,0,72.86007426,uM,uM
6,Dasatinib,Gefitinib,0.015625,0,67.46140317,uM,uM
6,Dasatinib,Gefitinib,0.03125,0,60.94391245,uM,uM
6,Dasatinib,Gefitinib,0.0625,0,48.97400821,uM,uM
6,Dasatinib,Gefitinib,0.125,0,39.90130936,uM,uM
6,Dasatinib,Gefitinib,0.25,0,37.53664256,uM,uM
6,Dasatinib,Gefitinib,0,0.390625,70.3530331,uM,uM
6,Dasatinib,Gefitinib,0,0.78125,65.05256428,uM,uM
6,Dasatinib,Gefitinib,0,1.5625,58.53388265,uM,uM
6,Dasatinib,Gefitinib,0,3.125,61.21892314,uM,uM
6,Dasatinib,Gefitinib,0,6.25,60.80622247,uM,uM
6,Dasatinib,Gefitinib,0,12.5,66.58900412,uM,uM
6,Dasatinib,Gefitinib,0,25,62.76033527,uM,uM
6,Dasatinib,Gefitinib,0,50,41.46895866,uM,uM
6,Dasatinib,Gefitinib,0.001953125,0.390625,71.7356708,uM,uM
6,Dasatinib,Gefitinib,0.00390625,0.78125,62.89438452,uM,uM
6,Dasatinib,Gefitinib,0.0078125,1.5625,56.92777932,uM,uM
6,Dasatinib,Gefitinib,0.015625,3.125,57.00861394,uM,uM
6,Dasatinib,Gefitinib,0.03125,6.25,60.05506858,uM,uM
6,Dasatinib,Gefitinib,0.0625,12.5,70.79091621,uM,uM
6,Dasatinib,Gefitinib,0.125,25,69.29547579,uM,uM
6,Dasatinib,Gefitinib,0.25,50,31.43961401,uM,uM
6,Dasatinib,Gefitinib,0.001953125,0,92.01706885,uM,uM
6,Dasatinib,Gefitinib,0.00390625,0,91.88231478,uM,uM
6,Dasatinib,Gefitinib,0.0078125,0,84.81521224,uM,uM
6,Dasatinib,Gefitinib,0.015625,0,76.91962169,uM,uM
6,Dasatinib,Gefitinib,0.03125,0,70.43645347,uM,uM
6,Dasatinib,Gefitinib,0.0625,0,55.69335962,uM,uM
6,Dasatinib,Gefitinib,0.125,0,44.39897188,uM,uM
6,Dasatinib,Gefitinib,0.25,0,39.87223317,uM,uM
6,Dasatinib,Gefitinib,0,0.390625,63.18139203,uM,uM
6,Dasatinib,Gefitinib,0,0.78125,63.29300415,uM,uM
6,Dasatinib,Gefitinib,0,1.5625,61.05183267,uM,uM
6,Dasatinib,Gefitinib,0,3.125,61.56524845,uM,uM
6,Dasatinib,Gefitinib,0,6.25,62.38671369,uM,uM
6,Dasatinib,Gefitinib,0,12.5,64.07875352,uM,uM
6,Dasatinib,Gefitinib,0,25,62.81530425,uM,uM
6,Dasatinib,Gefitinib,0,50,48.4039466,uM,uM
6,Dasatinib,Gefitinib,0.001953125,0.390625,60.51600044,uM,uM
6,Dasatinib,Gefitinib,0.00390625,0.78125,55.86535267,uM,uM
6,Dasatinib,Gefitinib,0.0078125,1.5625,54.31513675,uM,uM
6,Dasatinib,Gefitinib,0.015625,3.125,52.32643118,uM,uM
6,Dasatinib,Gefitinib,0.03125,6.25,56.92983427,uM,uM
6,Dasatinib,Gefitinib,0.0625,12.5,64.26309379,uM,uM
6,Dasatinib,Gefitinib,0.125,25,60.3033994,uM,uM
6,Dasatinib,Gefitinib,0.25,50,31.44280811,uM,uM
6,Dasatinib,Gefitinib,0.001953125,0,88.1899751,uM,uM
6,Dasatinib,Gefitinib,0.00390625,0,79.05764081,uM,uM
6,Dasatinib,Gefitinib,0.0078125,0,71.77620144,uM,uM
6,Dasatinib,Gefitinib,0.015625,0,70.5547987,uM,uM
6,Dasatinib,Gefitinib,0.03125,0,58.91858881,uM,uM
6,Dasatinib,Gefitinib,0.0625,0,45.98581294,uM,uM
6,Dasatinib,Gefitinib,0.125,0,37.54873867,uM,uM
6,Dasatinib,Gefitinib,0.25,0,36.21928877,uM,uM
6,Dasatinib,Gefitinib,0,0.390625,72.84877334,uM,uM
6,Dasatinib,Gefitinib,0,0.78125,65.10893446,uM,uM
6,Dasatinib,Gefitinib,0,1.5625,62.30776272,uM,uM
6,Dasatinib,Gefitinib,0,3.125,61.70816551,uM,uM
6,Dasatinib,Gefitinib,0,6.25,65.44306115,uM,uM
6,Dasatinib,Gefitinib,0,12.5,67.0541926,uM,uM
6,Dasatinib,Gefitinib,0,25,63.14079092,uM,uM
6,Dasatinib,Gefitinib,0,50,22.23239351,uM,uM
6,Dasatinib,Gefitinib,0.001953125,0.390625,62.46302206,uM,uM
6,Dasatinib,Gefitinib,0.00390625,0.78125,57.09161212,uM,uM
6,Dasatinib,Gefitinib,0.0078125,1.5625,56.49996506,uM,uM
6,Dasatinib,Gefitinib,0.015625,3.125,58.14446437,uM,uM
6,Dasatinib,Gefitinib,0.03125,6.25,61.51265985,uM,uM
6,Dasatinib,Gefitinib,0.0625,12.5,65.78928979,uM,uM
6,Dasatinib,Gefitinib,0.125,25,65.01595584,uM,uM
6,Dasatinib,Gefitinib,0.25,50,20.62223879,uM,uM
7,Dasatinib,Sapitinib,0.001953125,0,86.92411924,uM,uM
7,Dasatinib,Sapitinib,0.00390625,0,81.75450058,uM,uM
7,Dasatinib,Sapitinib,0.0078125,0,77.43902439,uM,uM
7,Dasatinib,Sapitinib,0.015625,0,65.31286295,uM,uM
7,Dasatinib,Sapitinib,0.03125,0,55.91245645,uM,uM
7,Dasatinib,Sapitinib,0.0625,0,42.28368177,uM,uM
7,Dasatinib,Sapitinib,0.125,0,34.27700348,uM,uM
7,Dasatinib,Sapitinib,0.25,0,34.28426249,uM,uM
7,Dasatinib,Sapitinib,0,0.00390625,98.2975954,uM,uM
7,Dasatinib,Sapitinib,0,0.0078125,101.2023018,uM,uM
7,Dasatinib,Sapitinib,0,0.015625,99.21216688,uM,uM
7,Dasatinib,Sapitinib,0,0.03125,95.63266425,uM,uM
7,Dasatinib,Sapitinib,0,0.0625,84.81879838,uM,uM
7,Dasatinib,Sapitinib,0,0.125,71.07624854,uM,uM
7,Dasatinib,Sapitinib,0,0.25,58.04274851,uM,uM
7,Dasatinib,Sapitinib,0,0.5,54.49407412,uM,uM
7,Dasatinib,Sapitinib,0.001953125,0.00390625,79.72984131,uM,uM
7,Dasatinib,Sapitinib,0.00390625,0.0078125,77.4609046,uM,uM
7,Dasatinib,Sapitinib,0.0078125,0.015625,64.34929075,uM,uM
7,Dasatinib,Sapitinib,0.015625,0.03125,56.19829252,uM,uM
7,Dasatinib,Sapitinib,0.03125,0.0625,46.31339069,uM,uM
7,Dasatinib,Sapitinib,0.0625,0.125,36.9470086,uM,uM
7,Dasatinib,Sapitinib,0.125,0.25,39.30181482,uM,uM
7,Dasatinib,Sapitinib,0.25,0.5,45.57359182,uM,uM
7,Dasatinib,Sapitinib,0.001953125,0,86.26231208,uM,uM
7,Dasatinib,Sapitinib,0.00390625,0,79.4749315,uM,uM
7,Dasatinib,Sapitinib,0.0078125,0,76.70887951,uM,uM
7,Dasatinib,Sapitinib,0.015625,0,64.57824187,uM,uM
7,Dasatinib,Sapitinib,0.03125,0,57.21321188,uM,uM
7,Dasatinib,Sapitinib,0.0625,0,43.7384285,uM,uM
7,Dasatinib,Sapitinib,0.125,0,31.04125009,uM,uM
7,Dasatinib,Sapitinib,0.25,0,28.54180552,uM,uM
7,Dasatinib,Sapitinib,0,0.00390625,98.62704302,uM,uM
7,Dasatinib,Sapitinib,0,0.0078125,89.90443925,uM,uM
7,Dasatinib,Sapitinib,0,0.015625,106.4351605,uM,uM
7,Dasatinib,Sapitinib,0,0.03125,88.27186635,uM,uM
7,Dasatinib,Sapitinib,0,0.0625,85.94207435,uM,uM
7,Dasatinib,Sapitinib,0,0.125,66.1007899,uM,uM
7,Dasatinib,Sapitinib,0,0.25,56.35322495,uM,uM
7,Dasatinib,Sapitinib,0,0.5,50.39126512,uM,uM
7,Dasatinib,Sapitinib,0.001953125,0.00390625,78.05574636,uM,uM
7,Dasatinib,Sapitinib,0.00390625,0.0078125,75.8396298,uM,uM
7,Dasatinib,Sapitinib,0.0078125,0.015625,68.4393189,uM,uM
7,Dasatinib,Sapitinib,0.015625,0.03125,66.80886447,uM,uM
7,Dasatinib,Sapitinib,0.03125,0.0625,48.24843643,uM,uM
7,Dasatinib,Sapitinib,0.0625,0.125,37.53660388,uM,uM
7,Dasatinib,Sapitinib,0.125,0.25,33.65749611,uM,uM
7,Dasatinib,Sapitinib,0.25,0.5,40.65652001,uM,uM
7,Dasatinib,Sapitinib,0.001953125,0,82.1395613,uM,uM
7,Dasatinib,Sapitinib,0.00390625,0,81.4474338,uM,uM
7,Dasatinib,Sapitinib,0.0078125,0,77.4756868,uM,uM
7,Dasatinib,Sapitinib,0.015625,0,67.92432739,uM,uM
7,Dasatinib,Sapitinib,0.03125,0,58.94086747,uM,uM
7,Dasatinib,Sapitinib,0.0625,0,48.98487968,uM,uM
7,Dasatinib,Sapitinib,0.125,0,36.86377511,uM,uM
7,Dasatinib,Sapitinib,0.25,0,34.18399943,uM,uM
7,Dasatinib,Sapitinib,0,0.00390625,97.78842344,uM,uM
7,Dasatinib,Sapitinib,0,0.0078125,103.1048518,uM,uM
7,Dasatinib,Sapitinib,0,0.015625,100.5510932,uM,uM
7,Dasatinib,Sapitinib,0,0.03125,93.64261787,uM,uM
7,Dasatinib,Sapitinib,0,0.0625,88.71159457,uM,uM
7,Dasatinib,Sapitinib,0,0.125,70.87850737,uM,uM
7,Dasatinib,Sapitinib,0,0.25,60.56622123,uM,uM
7,Dasatinib,Sapitinib,0,0.5,58.91294168,uM,uM
7,Dasatinib,Sapitinib,0.001953125,0.00390625,78.30237962,uM,uM
7,Dasatinib,Sapitinib,0.00390625,0.0078125,77.26838758,uM,uM
7,Dasatinib,Sapitinib,0.0078125,0.015625,70.64291247,uM,uM
7,Dasatinib,Sapitinib,0.015625,0.03125,64.20478086,uM,uM
7,Dasatinib,Sapitinib,0.03125,0.0625,53.11908922,uM,uM
7,Dasatinib,Sapitinib,0.0625,0.125,42.34683768,uM,uM
7,Dasatinib,Sapitinib,0.125,0.25,40.94176139,uM,uM
7,Dasatinib,Sapitinib,0.25,0.5,48.78857205,uM,uM
8,Dasatinib,SGC0946,0.001953125,0,80.70264766,uM,uM
8,Dasatinib,SGC0946,0.00390625,0,84.57230143,uM,uM
8,Dasatinib,SGC0946,0.0078125,0,81.33678948,uM,uM
8,Dasatinib,SGC0946,0.015625,0,70.81558971,uM,uM
8,Dasatinib,SGC0946,0.03125,0,64.31216441,uM,uM
8,Dasatinib,SGC0946,0.0625,0,51.37011665,uM,uM
8,Dasatinib,SGC0946,0.125,0,37.53934457,uM,uM
8,Dasatinib,SGC0946,0.25,0,33.63728939,uM,uM
8,Dasatinib,SGC0946,0,0.15625,96.82290028,uM,uM
8,Dasatinib,SGC0946,0,0.3125,97.95982564,uM,uM
8,Dasatinib,SGC0946,0,0.625,101.5503528,uM,uM
8,Dasatinib,SGC0946,0,1.25,95.96009527,uM,uM
8,Dasatinib,SGC0946,0,2.5,96.20275918,uM,uM
8,Dasatinib,SGC0946,0,5,88.79252236,uM,uM
8,Dasatinib,SGC0946,0,10,60.3693884,uM,uM
8,Dasatinib,SGC0946,0,20,46.1241181,uM,uM
8,Dasatinib,SGC0946,0.001953125,0.15625,90.33991935,uM,uM
8,Dasatinib,SGC0946,0.00390625,0.3125,80.37440046,uM,uM
8,Dasatinib,SGC0946,0.0078125,0.625,75.30663135,uM,uM
8,Dasatinib,SGC0946,0.015625,1.25,66.464632,uM,uM
8,Dasatinib,SGC0946,0.03125,2.5,57.86225054,uM,uM
8,Dasatinib,SGC0946,0.0625,5,37.62497912,uM,uM
8,Dasatinib,SGC0946,0.125,10,35.51316009,uM,uM
8,Dasatinib,SGC0946,0.25,20,44.38697592,uM,uM
8,Dasatinib,SGC0946,0.001953125,0,92.74772803,uM,uM
8,Dasatinib,SGC0946,0.00390625,0,93.74662101,uM,uM
8,Dasatinib,SGC0946,0.0078125,0,91.14126097,uM,uM
8,Dasatinib,SGC0946,0.015625,0,83.84007414,uM,uM
8,Dasatinib,SGC0946,0.03125,0,73.83054862,uM,uM
8,Dasatinib,SGC0946,0.0625,0,59.74306825,uM,uM
8,Dasatinib,SGC0946,0.125,0,42.84941946,uM,uM
8,Dasatinib,SGC0946,0.25,0,31.37759699,uM,uM
8,Dasatinib,SGC0946,0,0.15625,107.0708633,uM,uM
8,Dasatinib,SGC0946,0,0.3125,104.8075684,uM,uM
8,Dasatinib,SGC0946,0,0.625,105.4571701,uM,uM
8,Dasatinib,SGC0946,0,1.25,106.4831284,uM,uM
8,Dasatinib,SGC0946,0,2.5,97.08968113,uM,uM
8,Dasatinib,SGC0946,0,5,84.60804784,uM,uM
8,Dasatinib,SGC0946,0,10,56.85561828,uM,uM
8,Dasatinib,SGC0946,0,20,48.76653004,uM,uM
8,Dasatinib,SGC0946,0.001953125,0.15625,78.18859589,uM,uM
8,Dasatinib,SGC0946,0.00390625,0.3125,86.27916609,uM,uM
8,Dasatinib,SGC0946,0.0078125,0.625,85.45630264,uM,uM
8,Dasatinib,SGC0946,0.015625,1.25,75.65925721,uM,uM
8,Dasatinib,SGC0946,0.03125,2.5,68.8223112,uM,uM
8,Dasatinib,SGC0946,0.0625,5,54.57959409,uM,uM
8,Dasatinib,SGC0946,0.125,10,38.10023471,uM,uM
8,Dasatinib,SGC0946,0.25,20,43.60624051,uM,uM
8,Dasatinib,SGC0946,0.001953125,0,88.27174985,uM,uM
8,Dasatinib,SGC0946,0.00390625,0,89.02295882,uM,uM
8,Dasatinib,SGC0946,0.0078125,0,86.36555707,uM,uM
8,Dasatinib,SGC0946,0.015625,0,78.60932438,uM,uM
8,Dasatinib,SGC0946,0.03125,0,66.86698906,uM,uM
8,Dasatinib,SGC0946,0.0625,0,51.42494953,uM,uM
8,Dasatinib,SGC0946,0.125,0,37.97830884,uM,uM
8,Dasatinib,SGC0946,0.25,0,28.57411146,uM,uM
8,Dasatinib,SGC0946,0,0.15625,101.0016959,uM,uM
8,Dasatinib,SGC0946,0,0.3125,98.62747315,uM,uM
8,Dasatinib,SGC0946,0,0.625,96.2035048,uM,uM
8,Dasatinib,SGC0946,0,1.25,100.0158282,uM,uM
8,Dasatinib,SGC0946,0,2.5,91.29225551,uM,uM
8,Dasatinib,SGC0946,0,5,80.72357264,uM,uM
8,Dasatinib,SGC0946,0,10,56.69191634,uM,uM
8,Dasatinib,SGC0946,0,20,42.54004145,uM,uM
8,Dasatinib,SGC0946,0.001953125,0.15625,88.75908741,uM,uM
8,Dasatinib,SGC0946,0.00390625,0.3125,85.28428094,uM,uM
8,Dasatinib,SGC0946,0.0078125,0.625,85.16180696,uM,uM
8,Dasatinib,SGC0946,0.015625,1.25,78.65969507,uM,uM
8,Dasatinib,SGC0946,0.03125,2.5,66.13123557,uM,uM
8,Dasatinib,SGC0946,0.0625,5,47.1524801,uM,uM
8,Dasatinib,SGC0946,0.125,10,37.08606152,uM,uM
8,Dasatinib,SGC0946,0.25,20,44.19740292,uM,uM
9,Dasatinib,Sorafenib,0.001953125,0,86.92411924,uM,uM
9,Dasatinib,Sorafenib,0.00390625,0,81.75450058,uM,uM
9,Dasatinib,Sorafenib,0.0078125,0,77.43902439,uM,uM
9,Dasatinib,Sorafenib,0.015625,0,65.31286295,uM,uM
9,Dasatinib,Sorafenib,0.03125,0,55.91245645,uM,uM
9,Dasatinib,Sorafenib,0.0625,0,42.28368177,uM,uM
9,Dasatinib,Sorafenib,0.125,0,34.27700348,uM,uM
9,Dasatinib,Sorafenib,0.25,0,34.28426249,uM,uM
9,Dasatinib,Sorafenib,0,0.01953125,94.65129528,uM,uM
9,Dasatinib,Sorafenib,0,0.0390625,100.9618285,uM,uM
9,Dasatinib,Sorafenib,0,0.078125,100.3284292,uM,uM
9,Dasatinib,Sorafenib,0,0.15625,97.3893227,uM,uM
9,Dasatinib,Sorafenib,0,0.3125,97.29883709,uM,uM
9,Dasatinib,Sorafenib,0,0.625,100.5496163,uM,uM
9,Dasatinib,Sorafenib,0,1.25,91.8294849,uM,uM
9,Dasatinib,Sorafenib,0,2.5,85.8574349,uM,uM
9,Dasatinib,Sorafenib,0.001953125,0.01953125,79.30555085,uM,uM
9,Dasatinib,Sorafenib,0.00390625,0.0390625,72.40853142,uM,uM
9,Dasatinib,Sorafenib,0.0078125,0.078125,70.63849988,uM,uM
9,Dasatinib,Sorafenib,0.015625,0.15625,60.95758028,uM,uM
9,Dasatinib,Sorafenib,0.03125,0.3125,56.46468414,uM,uM
9,Dasatinib,Sorafenib,0.0625,0.625,38.81410148,uM,uM
9,Dasatinib,Sorafenib,0.125,1.25,31.84700417,uM,uM
9,Dasatinib,Sorafenib,0.25,2.5,35.68885423,uM,uM
9,Dasatinib,Sorafenib,0.001953125,0,86.26231208,uM,uM
9,Dasatinib,Sorafenib,0.00390625,0,79.4749315,uM,uM
9,Dasatinib,Sorafenib,0.0078125,0,76.70887951,uM,uM
9,Dasatinib,Sorafenib,0.015625,0,64.57824187,uM,uM
9,Dasatinib,Sorafenib,0.03125,0,57.21321188,uM,uM
9,Dasatinib,Sorafenib,0.0625,0,43.7384285,uM,uM
9,Dasatinib,Sorafenib,0.125,0,31.04125009,uM,uM
9,Dasatinib,Sorafenib,0.25,0,28.54180552,uM,uM
9,Dasatinib,Sorafenib,0,0.01953125,97.96518116,uM,uM
9,Dasatinib,Sorafenib,0,0.0390625,98.83565211,uM,uM
9,Dasatinib,Sorafenib,0,0.078125,102.3472956,uM,uM
9,Dasatinib,Sorafenib,0,0.15625,97.99866081,uM,uM
9,Dasatinib,Sorafenib,0,0.3125,99.70984302,uM,uM
9,Dasatinib,Sorafenib,0,0.625,97.73454356,uM,uM
9,Dasatinib,Sorafenib,0,1.25,100.0297597,uM,uM
9,Dasatinib,Sorafenib,0,2.5,85.46611115,uM,uM
9,Dasatinib,Sorafenib,0.001953125,0.01953125,78.98300352,uM,uM
9,Dasatinib,Sorafenib,0.00390625,0.0390625,73.50713712,uM,uM
9,Dasatinib,Sorafenib,0.0078125,0.078125,61.98652846,uM,uM
9,Dasatinib,Sorafenib,0.015625,0.15625,60.52071336,uM,uM
9,Dasatinib,Sorafenib,0.03125,0.3125,55.69050361,uM,uM
9,Dasatinib,Sorafenib,0.0625,0.625,39.37109552,uM,uM
9,Dasatinib,Sorafenib,0.125,1.25,28.99172861,uM,uM
9,Dasatinib,Sorafenib,0.25,2.5,28.96380833,uM,uM
9,Dasatinib,Sorafenib,0.001953125,0,82.1395613,uM,uM
9,Dasatinib,Sorafenib,0.00390625,0,81.4474338,uM,uM
9,Dasatinib,Sorafenib,0.0078125,0,77.4756868,uM,uM
9,Dasatinib,Sorafenib,0.015625,0,67.92432739,uM,uM
9,Dasatinib,Sorafenib,0.03125,0,58.94086747,uM,uM
9,Dasatinib,Sorafenib,0.0625,0,48.98487968,uM,uM
9,Dasatinib,Sorafenib,0.125,0,36.86377511,uM,uM
9,Dasatinib,Sorafenib,0.25,0,34.18399943,uM,uM
9,Dasatinib,Sorafenib,0,0.01953125,96.71377113,uM,uM
9,Dasatinib,Sorafenib,0,0.0390625,99.54373326,uM,uM
9,Dasatinib,Sorafenib,0,0.078125,101.675441,uM,uM
9,Dasatinib,Sorafenib,0,0.15625,93.67691881,uM,uM
9,Dasatinib,Sorafenib,0,0.3125,97.73344417,uM,uM
9,Dasatinib,Sorafenib,0,0.625,90.41100951,uM,uM
9,Dasatinib,Sorafenib,0,1.25,88.76327699,uM,uM
9,Dasatinib,Sorafenib,0,2.5,87.2263785,uM,uM
9,Dasatinib,Sorafenib,0.001953125,0.01953125,79.55870482,uM,uM
9,Dasatinib,Sorafenib,0.00390625,0.0390625,78.12359853,uM,uM
9,Dasatinib,Sorafenib,0.0078125,0.078125,72.12485425,uM,uM
9,Dasatinib,Sorafenib,0.015625,0.15625,61.93559961,uM,uM
9,Dasatinib,Sorafenib,0.03125,0.3125,54.15732353,uM,uM
9,Dasatinib,Sorafenib,0.0625,0.625,42.86303704,uM,uM
9,Dasatinib,Sorafenib,0.125,1.25,35.69109337,uM,uM
9,Dasatinib,Sorafenib,0.25,2.5,37.40604539,uM,uM
10,Dasatinib,Vorinostat,0.001953125,0,81.59348,uM,uM
10,Dasatinib,Vorinostat,0.00390625,0,75.68361985,uM,uM
10,Dasatinib,Vorinostat,0.0078125,0,74.16495947,uM,uM
10,Dasatinib,Vorinostat,0.015625,0,64.44731451,uM,uM
10,Dasatinib,Vorinostat,0.03125,0,52.64986194,uM,uM
10,Dasatinib,Vorinostat,0.0625,0,44.76707936,uM,uM
10,Dasatinib,Vorinostat,0.125,0,36.45230249,uM,uM
10,Dasatinib,Vorinostat,0.25,0,34.11418901,uM,uM
10,Dasatinib,Vorinostat,0,0.3125,101.4900264,uM,uM
10,Dasatinib,Vorinostat,0,0.625,105.7101658,uM,uM
10,Dasatinib,Vorinostat,0,1.25,101.754386,uM,uM
10,Dasatinib,Vorinostat,0,2.5,96.87575102,uM,uM
10,Dasatinib,Vorinostat,0,5,94.08315309,uM,uM
10,Dasatinib,Vorinostat,0,10,86.54650324,uM,uM
10,Dasatinib,Vorinostat,0,20,71.44917087,uM,uM
10,Dasatinib,Vorinostat,0,40,60.98534006,uM,uM
10,Dasatinib,Vorinostat,0.001953125,0.3125,85.96441009,uM,uM
10,Dasatinib,Vorinostat,0.00390625,0.625,86.55439467,uM,uM
10,Dasatinib,Vorinostat,0.0078125,1.25,67.47769667,uM,uM
10,Dasatinib,Vorinostat,0.015625,2.5,61.96269262,uM,uM
10,Dasatinib,Vorinostat,0.03125,5,51.60059157,uM,uM
10,Dasatinib,Vorinostat,0.0625,10,42.95596584,uM,uM
10,Dasatinib,Vorinostat,0.125,20,43.7336005,uM,uM
10,Dasatinib,Vorinostat,0.25,40,49.69228567,uM,uM
10,Dasatinib,Vorinostat,0.001953125,0,87.63874874,uM,uM
10,Dasatinib,Vorinostat,0.00390625,0,85.58508054,uM,uM
10,Dasatinib,Vorinostat,0.0078125,0,76.31460926,uM,uM
10,Dasatinib,Vorinostat,0.015625,0,72.23343424,uM,uM
10,Dasatinib,Vorinostat,0.03125,0,61.82307434,uM,uM
10,Dasatinib,Vorinostat,0.0625,0,44.37156632,uM,uM
10,Dasatinib,Vorinostat,0.125,0,34.77968382,uM,uM
10,Dasatinib,Vorinostat,0.25,0,31.57304631,uM,uM
10,Dasatinib,Vorinostat,0,0.3125,96.18612417,uM,uM
10,Dasatinib,Vorinostat,0,0.625,99.31455688,uM,uM
10,Dasatinib,Vorinostat,0,1.25,97.7151896,uM,uM
10,Dasatinib,Vorinostat,0,2.5,91.54473688,uM,uM
10,Dasatinib,Vorinostat,0,5,85.69357177,uM,uM
10,Dasatinib,Vorinostat,0,10,73.17984094,uM,uM
10,Dasatinib,Vorinostat,0,20,59.73900435,uM,uM
10,Dasatinib,Vorinostat,0,40,52.38806626,uM,uM
10,Dasatinib,Vorinostat,0.001953125,0.3125,85.76225191,uM,uM
10,Dasatinib,Vorinostat,0.00390625,0.625,81.06156429,uM,uM
10,Dasatinib,Vorinostat,0.0078125,1.25,74.02433135,uM,uM
10,Dasatinib,Vorinostat,0.015625,2.5,65.05530897,uM,uM
10,Dasatinib,Vorinostat,0.03125,5,52.61826461,uM,uM
10,Dasatinib,Vorinostat,0.0625,10,43.02830991,uM,uM
10,Dasatinib,Vorinostat,0.125,20,43.91601315,uM,uM
10,Dasatinib,Vorinostat,0.25,40,49.77270811,uM,uM
10,Dasatinib,Vorinostat,0.001953125,0,89.47264985,uM,uM
10,Dasatinib,Vorinostat,0.00390625,0,83.36062889,uM,uM
10,Dasatinib,Vorinostat,0.0078125,0,82.561415,uM,uM
10,Dasatinib,Vorinostat,0.015625,0,77.13069112,uM,uM
10,Dasatinib,Vorinostat,0.03125,0,63.95676384,uM,uM
10,Dasatinib,Vorinostat,0.0625,0,52.95774648,uM,uM
10,Dasatinib,Vorinostat,0.125,0,45.10972814,uM,uM
10,Dasatinib,Vorinostat,0.25,0,42.76449394,uM,uM
10,Dasatinib,Vorinostat,0,0.3125,106.9109195,uM,uM
10,Dasatinib,Vorinostat,0,0.625,115.1532567,uM,uM
10,Dasatinib,Vorinostat,0,1.25,110.9698276,uM,uM
10,Dasatinib,Vorinostat,0,2.5,99.38218391,uM,uM
10,Dasatinib,Vorinostat,0,5,92.35632184,uM,uM
10,Dasatinib,Vorinostat,0,10,82.56465517,uM,uM
10,Dasatinib,Vorinostat,0,20,71.09195402,uM,uM
10,Dasatinib,Vorinostat,0,40,67.77298851,uM,uM
10,Dasatinib,Vorinostat,0.001953125,0.3125,76.35996219,uM,uM
10,Dasatinib,Vorinostat,0.00390625,0.625,81.17075715,uM,uM
10,Dasatinib,Vorinostat,0.0078125,1.25,75.46038265,uM,uM
10,Dasatinib,Vorinostat,0.015625,2.5,65.91049835,uM,uM
10,Dasatinib,Vorinostat,0.03125,5,56.53661875,uM,uM
10,Dasatinib,Vorinostat,0.0625,10,51.03484241,uM,uM
10,Dasatinib,Vorinostat,0.125,20,52.15605749,uM,uM
10,Dasatinib,Vorinostat,0.25,40,59.18320785,uM,uM
